<?xml version="1.0" encoding="UTF-8"?>
<project-private xmlns="http://www.netbeans.org/ns/project-private/1">
    <editor-bookmarks xmlns="http://www.netbeans.org/ns/editor-bookmarks/2" lastBookmarkId="0"/>
    <open-files xmlns="http://www.netbeans.org/ns/projectui-open-files/2">
        <group>
            <file>file:/C:/Users/LENOVO/Desktop/java%20programs/EJB_practicals/src/java/convert.java</file>
            <file>file:/C:/Users/LENOVO/Desktop/java%20programs/EJB_practicals/web/currency.html</file>
            <file>file:/C:/Users/LENOVO/Desktop/java%20programs/EJB_practicals/src/java/Calculate_i.java</file>
            <file>file:/C:/Users/LENOVO/Desktop/java%20programs/EJB_practicals/src/java/abc/dollar_2_inr.java</file>
            <file>file:/C:/Users/LENOVO/Desktop/java%20programs/EJB_practicals/src/java/abc/Interest.java</file>
        </group>
    </open-files>
</project-private>
